{
  "builder_name": "parquet",
  "citation": "",
  "config_name": "default",
  "dataset_name": "emnlp-accepted-papers",
  "dataset_size": 9930188,
  "description": "",
  "download_checksums": {
    "hf://datasets/AIM-Harvard/EMNLP-Accepted-Papers@71e630eb2cf62792db0046e6357c72f2747fc210/data/emnlp_findings_2021-00000-of-00001.parquet": {
      "num_bytes": 291342,
      "checksum": null
    },
    "hf://datasets/AIM-Harvard/EMNLP-Accepted-Papers@71e630eb2cf62792db0046e6357c72f2747fc210/data/emnlp_main_2021-00000-of-00001.parquet": {
      "num_bytes": 580252,
      "checksum": null
    },
    "hf://datasets/AIM-Harvard/EMNLP-Accepted-Papers@71e630eb2cf62792db0046e6357c72f2747fc210/data/emnlp_findings_2022-00000-of-00001.parquet": {
      "num_bytes": 393403,
      "checksum": null
    },
    "hf://datasets/AIM-Harvard/EMNLP-Accepted-Papers@71e630eb2cf62792db0046e6357c72f2747fc210/data/emnlp_main_2022-00000-of-00001.parquet": {
      "num_bytes": 595138,
      "checksum": null
    },
    "hf://datasets/AIM-Harvard/EMNLP-Accepted-Papers@71e630eb2cf62792db0046e6357c72f2747fc210/data/emnlp_findings_2023-00000-of-00001.parquet": {
      "num_bytes": 791604,
      "checksum": null
    },
    "hf://datasets/AIM-Harvard/EMNLP-Accepted-Papers@71e630eb2cf62792db0046e6357c72f2747fc210/data/emnlp_main_2023-00000-of-00001.parquet": {
      "num_bytes": 794070,
      "checksum": null
    },
    "hf://datasets/AIM-Harvard/EMNLP-Accepted-Papers@71e630eb2cf62792db0046e6357c72f2747fc210/data/emnlp_findings_2024-00000-of-00001.parquet": {
      "num_bytes": 736774,
      "checksum": null
    },
    "hf://datasets/AIM-Harvard/EMNLP-Accepted-Papers@71e630eb2cf62792db0046e6357c72f2747fc210/data/emnlp_main_2024-00000-of-00001.parquet": {
      "num_bytes": 945405,
      "checksum": null
    }
  },
  "download_size": 5127988,
  "features": {
    "title": {
      "dtype": "string",
      "_type": "Value"
    },
    "authors": {
      "dtype": "string",
      "_type": "Value"
    },
    "abstract": {
      "dtype": "string",
      "_type": "Value"
    },
    "url": {
      "dtype": "string",
      "_type": "Value"
    },
    "detail_url": {
      "dtype": "string",
      "_type": "Value"
    },
    "abs": {
      "dtype": "string",
      "_type": "Value"
    },
    "OpenReview": {
      "dtype": "string",
      "_type": "Value"
    },
    "Download PDF": {
      "dtype": "string",
      "_type": "Value"
    },
    "tags": {
      "dtype": "string",
      "_type": "Value"
    },
    "topics": {
      "feature": {
        "dtype": "string",
        "_type": "Value"
      },
      "_type": "List"
    },
    "primary_topic": {
      "dtype": "string",
      "_type": "Value"
    },
    "fine_topics": {
      "feature": {
        "dtype": "string",
        "_type": "Value"
      },
      "_type": "List"
    },
    "domain_tags": {
      "feature": {
        "dtype": "string",
        "_type": "Value"
      },
      "_type": "List"
    },
    "is_benchmark": {
      "dtype": "bool",
      "_type": "Value"
    },
    "benchmark_name": {
      "dtype": "string",
      "_type": "Value"
    },
    "benchmark_tasks": {
      "feature": {
        "dtype": "string",
        "_type": "Value"
      },
      "_type": "List"
    }
  },
  "homepage": "",
  "license": "",
  "size_in_bytes": 15058176,
  "splits": {
    "emnlp_findings_2021": {
      "name": "emnlp_findings_2021",
      "num_bytes": 568748,
      "num_examples": 424,
      "dataset_name": "emnlp-accepted-papers"
    },
    "emnlp_main_2021": {
      "name": "emnlp_main_2021",
      "num_bytes": 1143052,
      "num_examples": 847,
      "dataset_name": "emnlp-accepted-papers"
    },
    "emnlp_findings_2022": {
      "name": "emnlp_findings_2022",
      "num_bytes": 767842,
      "num_examples": 548,
      "dataset_name": "emnlp-accepted-papers"
    },
    "emnlp_main_2022": {
      "name": "emnlp_main_2022",
      "num_bytes": 1167134,
      "num_examples": 828,
      "dataset_name": "emnlp-accepted-papers"
    },
    "emnlp_findings_2023": {
      "name": "emnlp_findings_2023",
      "num_bytes": 1528977,
      "num_examples": 1059,
      "dataset_name": "emnlp-accepted-papers"
    },
    "emnlp_main_2023": {
      "name": "emnlp_main_2023",
      "num_bytes": 1513529,
      "num_examples": 1047,
      "dataset_name": "emnlp-accepted-papers"
    },
    "emnlp_findings_2024": {
      "name": "emnlp_findings_2024",
      "num_bytes": 1423966,
      "num_examples": 1003,
      "dataset_name": "emnlp-accepted-papers"
    },
    "emnlp_main_2024": {
      "name": "emnlp_main_2024",
      "num_bytes": 1816940,
      "num_examples": 1268,
      "dataset_name": "emnlp-accepted-papers"
    }
  },
  "version": {
    "version_str": "0.0.0",
    "major": 0,
    "minor": 0,
    "patch": 0
  }
}